lineage,parent,children
A,,A
A.1,A,A.1
A,,A.1
A.2,A,A.2
A,,A.2
A.2.2,A.2,A.2.2
A.2,A,A.2.2
A,,A.2.2
A.2.3,A.2,A.2.3
A.2,A,A.2.3
A,,A.2.3
A.2.4,A.2,A.2.4
A.2,A,A.2.4
A,,A.2.4
A.2.5,A.2,A.2.5
A.2,A,A.2.5
A,,A.2.5
A.2.5.1,A.2.5,A.2.5.1
A.2.5,A.2,A.2.5.1
A.2,A,A.2.5.1
A,,A.2.5.1
A.2.5.2,A.2.5,A.2.5.2
A.2.5,A.2,A.2.5.2
A.2,A,A.2.5.2
A,,A.2.5.2
A.2.5.3,A.2.5,A.2.5.3
A.2.5,A.2,A.2.5.3
A.2,A,A.2.5.3
A,,A.2.5.3
A.3,A,A.3
A,,A.3
A.4,A,A.4
A,,A.4
A.5,A,A.5
A,,A.5
A.6,A,A.6
A,,A.6
A.7,A,A.7
A,,A.7
A.9,A,A.9
A,,A.9
A.11,A,A.11
A,,A.11
A.12,A,A.12
A,,A.12
A.15,A,A.15
A,,A.15
A.16,A,A.16
A,,A.16
A.17,A,A.17
A,,A.17
A.18,A,A.18
A,,A.18
A.19,A,A.19
A,,A.19
A.21,A,A.21
A,,A.21
A.22,A,A.22
A,,A.22
A.23,A,A.23
A,,A.23
A.23.1,A.23,A.23.1
A.23,A,A.23.1
A,,A.23.1
A.24,A,A.24
A,,A.24
A.25,A,A.25
A,,A.25
A.26,A,A.26
A,,A.26
A.27,A,A.27
A,,A.27
A.28,A,A.28
A,,A.28
A.29,A,A.29
A,,A.29
A.30,A,A.30
A,,A.30
B,,B
B.1,B,B.1
B,,B.1
B.1.1,B.1,B.1.1
B.1,B,B.1.1
B,,B.1.1
B.1.1.1,B.1.1,B.1.1.1
B.1.1,B.1,B.1.1.1
B.1,B,B.1.1.1
B,,B.1.1.1
C.1,B.1.1.1,C.1
B.1.1.1,B.1.1,C.1
B.1.1,B.1,C.1
B.1,B,C.1
B,,C.1
C.1.1,C.1,C.1.1
C.1,B.1.1.1,C.1.1
B.1.1.1,B.1.1,C.1.1
B.1.1,B.1,C.1.1
B.1,B,C.1.1
B,,C.1.1
C.1.2,C.1,C.1.2
C.1,B.1.1.1,C.1.2
B.1.1.1,B.1.1,C.1.2
B.1.1,B.1,C.1.2
B.1,B,C.1.2
B,,C.1.2
C.2,B.1.1.1,C.2
B.1.1.1,B.1.1,C.2
B.1.1,B.1,C.2
B.1,B,C.2
B,,C.2
C.2.1,C.2,C.2.1
C.2,B.1.1.1,C.2.1
B.1.1.1,B.1.1,C.2.1
B.1.1,B.1,C.2.1
B.1,B,C.2.1
B,,C.2.1
C.3,B.1.1.1,C.3
B.1.1.1,B.1.1,C.3
B.1.1,B.1,C.3
B.1,B,C.3
B,,C.3
C.4,B.1.1.1,C.4
B.1.1.1,B.1.1,C.4
B.1.1,B.1,C.4
B.1,B,C.4
B,,C.4
C.5,B.1.1.1,C.5
B.1.1.1,B.1.1,C.5
B.1.1,B.1,C.5
B.1,B,C.5
B,,C.5
C.6,B.1.1.1,C.6
B.1.1.1,B.1.1,C.6
B.1.1,B.1,C.6
B.1,B,C.6
B,,C.6
C.7,B.1.1.1,C.7
B.1.1.1,B.1.1,C.7
B.1.1,B.1,C.7
B.1,B,C.7
B,,C.7
C.8,B.1.1.1,C.8
B.1.1.1,B.1.1,C.8
B.1.1,B.1,C.8
B.1,B,C.8
B,,C.8
C.9,B.1.1.1,C.9
B.1.1.1,B.1.1,C.9
B.1.1,B.1,C.9
B.1,B,C.9
B,,C.9
C.10,B.1.1.1,C.10
B.1.1.1,B.1.1,C.10
B.1.1,B.1,C.10
B.1,B,C.10
B,,C.10
C.11,B.1.1.1,C.11
B.1.1.1,B.1.1,C.11
B.1.1,B.1,C.11
B.1,B,C.11
B,,C.11
C.12,B.1.1.1,C.12
B.1.1.1,B.1.1,C.12
B.1.1,B.1,C.12
B.1,B,C.12
B,,C.12
C.13,B.1.1.1,C.13
B.1.1.1,B.1.1,C.13
B.1.1,B.1,C.13
B.1,B,C.13
B,,C.13
C.14,B.1.1.1,C.14
B.1.1.1,B.1.1,C.14
B.1.1,B.1,C.14
B.1,B,C.14
B,,C.14
C.16,B.1.1.1,C.16
B.1.1.1,B.1.1,C.16
B.1.1,B.1,C.16
B.1,B,C.16
B,,C.16
C.17,B.1.1.1,C.17
B.1.1.1,B.1.1,C.17
B.1.1,B.1,C.17
B.1,B,C.17
B,,C.17
C.18,B.1.1.1,C.18
B.1.1.1,B.1.1,C.18
B.1.1,B.1,C.18
B.1,B,C.18
B,,C.18
C.19,B.1.1.1,C.19
B.1.1.1,B.1.1,C.19
B.1.1,B.1,C.19
B.1,B,C.19
B,,C.19
C.20,B.1.1.1,C.20
B.1.1.1,B.1.1,C.20
B.1.1,B.1,C.20
B.1,B,C.20
B,,C.20
C.21,B.1.1.1,C.21
B.1.1.1,B.1.1,C.21
B.1.1,B.1,C.21
B.1,B,C.21
B,,C.21
C.22,B.1.1.1,C.22
B.1.1.1,B.1.1,C.22
B.1.1,B.1,C.22
B.1,B,C.22
B,,C.22
C.23,B.1.1.1,C.23
B.1.1.1,B.1.1,C.23
B.1.1,B.1,C.23
B.1,B,C.23
B,,C.23
C.25,B.1.1.1,C.25
B.1.1.1,B.1.1,C.25
B.1.1,B.1,C.25
B.1,B,C.25
B,,C.25
C.26,B.1.1.1,C.26
B.1.1.1,B.1.1,C.26
B.1.1,B.1,C.26
B.1,B,C.26
B,,C.26
C.27,B.1.1.1,C.27
B.1.1.1,B.1.1,C.27
B.1.1,B.1,C.27
B.1,B,C.27
B,,C.27
C.28,B.1.1.1,C.28
B.1.1.1,B.1.1,C.28
B.1.1,B.1,C.28
B.1,B,C.28
B,,C.28
C.29,B.1.1.1,C.29
B.1.1.1,B.1.1,C.29
B.1.1,B.1,C.29
B.1,B,C.29
B,,C.29
C.30,B.1.1.1,C.30
B.1.1.1,B.1.1,C.30
B.1.1,B.1,C.30
B.1,B,C.30
B,,C.30
C.30.1,C.30,C.30.1
C.30,B.1.1.1,C.30.1
B.1.1.1,B.1.1,C.30.1
B.1.1,B.1,C.30.1
B.1,B,C.30.1
B,,C.30.1
C.31,B.1.1.1,C.31
B.1.1.1,B.1.1,C.31
B.1.1,B.1,C.31
B.1,B,C.31
B,,C.31
C.32,B.1.1.1,C.32
B.1.1.1,B.1.1,C.32
B.1.1,B.1,C.32
B.1,B,C.32
B,,C.32
C.33,B.1.1.1,C.33
B.1.1.1,B.1.1,C.33
B.1.1,B.1,C.33
B.1,B,C.33
B,,C.33
C.34,B.1.1.1,C.34
B.1.1.1,B.1.1,C.34
B.1.1,B.1,C.34
B.1,B,C.34
B,,C.34
C.35,B.1.1.1,C.35
B.1.1.1,B.1.1,C.35
B.1.1,B.1,C.35
B.1,B,C.35
B,,C.35
C.36,B.1.1.1,C.36
B.1.1.1,B.1.1,C.36
B.1.1,B.1,C.36
B.1,B,C.36
B,,C.36
C.36.1,C.36,C.36.1
C.36,B.1.1.1,C.36.1
B.1.1.1,B.1.1,C.36.1
B.1.1,B.1,C.36.1
B.1,B,C.36.1
B,,C.36.1
C.36.2,C.36,C.36.2
C.36,B.1.1.1,C.36.2
B.1.1.1,B.1.1,C.36.2
B.1.1,B.1,C.36.2
B.1,B,C.36.2
B,,C.36.2
C.36.3,C.36,C.36.3
C.36,B.1.1.1,C.36.3
B.1.1.1,B.1.1,C.36.3
B.1.1,B.1,C.36.3
B.1,B,C.36.3
B,,C.36.3
C.36.3.1,C.36.3,C.36.3.1
C.36.3,C.36,C.36.3.1
C.36,B.1.1.1,C.36.3.1
B.1.1.1,B.1.1,C.36.3.1
B.1.1,B.1,C.36.3.1
B.1,B,C.36.3.1
B,,C.36.3.1
C.37,B.1.1.1,C.37
B.1.1.1,B.1.1,C.37
B.1.1,B.1,C.37
B.1,B,C.37
B,,C.37
C.37.1,C.37,C.37.1
C.37,B.1.1.1,C.37.1
B.1.1.1,B.1.1,C.37.1
B.1.1,B.1,C.37.1
B.1,B,C.37.1
B,,C.37.1
C.38,B.1.1.1,C.38
B.1.1.1,B.1.1,C.38
B.1.1,B.1,C.38
B.1,B,C.38
B,,C.38
C.39,B.1.1.1,C.39
B.1.1.1,B.1.1,C.39
B.1.1,B.1,C.39
B.1,B,C.39
B,,C.39
C.40,B.1.1.1,C.40
B.1.1.1,B.1.1,C.40
B.1.1,B.1,C.40
B.1,B,C.40
B,,C.40
B.1.1.3,B.1.1,B.1.1.3
B.1.1,B.1,B.1.1.3
B.1,B,B.1.1.3
B,,B.1.1.3
B.1.1.4,B.1.1,B.1.1.4
B.1.1,B.1,B.1.1.4
B.1,B,B.1.1.4
B,,B.1.1.4
B.1.1.5,B.1.1,B.1.1.5
B.1.1,B.1,B.1.1.5
B.1,B,B.1.1.5
B,,B.1.1.5
B.1.1.7,B.1.1,B.1.1.7
B.1.1,B.1,B.1.1.7
B.1,B,B.1.1.7
B,,B.1.1.7
Q.1,B.1.1.7,Q.1
B.1.1.7,B.1.1,Q.1
B.1.1,B.1,Q.1
B.1,B,Q.1
B,,Q.1
Q.2,B.1.1.7,Q.2
B.1.1.7,B.1.1,Q.2
B.1.1,B.1,Q.2
B.1,B,Q.2
B,,Q.2
Q.3,B.1.1.7,Q.3
B.1.1.7,B.1.1,Q.3
B.1.1,B.1,Q.3
B.1,B,Q.3
B,,Q.3
Q.4,B.1.1.7,Q.4
B.1.1.7,B.1.1,Q.4
B.1.1,B.1,Q.4
B.1,B,Q.4
B,,Q.4
Q.5,B.1.1.7,Q.5
B.1.1.7,B.1.1,Q.5
B.1.1,B.1,Q.5
B.1,B,Q.5
B,,Q.5
Q.6,B.1.1.7,Q.6
B.1.1.7,B.1.1,Q.6
B.1.1,B.1,Q.6
B.1,B,Q.6
B,,Q.6
Q.7,B.1.1.7,Q.7
B.1.1.7,B.1.1,Q.7
B.1.1,B.1,Q.7
B.1,B,Q.7
B,,Q.7
Q.8,B.1.1.7,Q.8
B.1.1.7,B.1.1,Q.8
B.1.1,B.1,Q.8
B.1,B,Q.8
B,,Q.8
B.1.1.8,B.1.1,B.1.1.8
B.1.1,B.1,B.1.1.8
B.1,B,B.1.1.8
B,,B.1.1.8
B.1.1.10,B.1.1,B.1.1.10
B.1.1,B.1,B.1.1.10
B.1,B,B.1.1.10
B,,B.1.1.10
L.1,B.1.1.10,L.1
B.1.1.10,B.1.1,L.1
B.1.1,B.1,L.1
B.1,B,L.1
B,,L.1
L.2,B.1.1.10,L.2
B.1.1.10,B.1.1,L.2
B.1.1,B.1,L.2
B.1,B,L.2
B,,L.2
L.3,B.1.1.10,L.3
B.1.1.10,B.1.1,L.3
B.1.1,B.1,L.3
B.1,B,L.3
B,,L.3
L.4,B.1.1.10,L.4
B.1.1.10,B.1.1,L.4
B.1.1,B.1,L.4
B.1,B,L.4
B,,L.4
B.1.1.12,B.1.1,B.1.1.12
B.1.1,B.1,B.1.1.12
B.1,B,B.1.1.12
B,,B.1.1.12
B.1.1.13,B.1.1,B.1.1.13
B.1.1,B.1,B.1.1.13
B.1,B,B.1.1.13
B,,B.1.1.13
B.1.1.14,B.1.1,B.1.1.14
B.1.1,B.1,B.1.1.14
B.1,B,B.1.1.14
B,,B.1.1.14
B.1.1.15,B.1.1,B.1.1.15
B.1.1,B.1,B.1.1.15
B.1,B,B.1.1.15
B,,B.1.1.15
B.1.1.16,B.1.1,B.1.1.16
B.1.1,B.1,B.1.1.16
B.1,B,B.1.1.16
B,,B.1.1.16
B.1.1.17,B.1.1,B.1.1.17
B.1.1,B.1,B.1.1.17
B.1,B,B.1.1.17
B,,B.1.1.17
B.1.1.25,B.1.1,B.1.1.25
B.1.1,B.1,B.1.1.25
B.1,B,B.1.1.25
B,,B.1.1.25
D.2,B.1.1.25,D.2
B.1.1.25,B.1.1,D.2
B.1.1,B.1,D.2
B.1,B,D.2
B,,D.2
D.3,B.1.1.25,D.3
B.1.1.25,B.1.1,D.3
B.1.1,B.1,D.3
B.1,B,D.3
B,,D.3
D.4,B.1.1.25,D.4
B.1.1.25,B.1.1,D.4
B.1.1,B.1,D.4
B.1,B,D.4
B,,D.4
D.5,B.1.1.25,D.5
B.1.1.25,B.1.1,D.5
B.1.1,B.1,D.5
B.1,B,D.5
B,,D.5
B.1.1.26,B.1.1,B.1.1.26
B.1.1,B.1,B.1.1.26
B.1,B,B.1.1.26
B,,B.1.1.26
B.1.1.27,B.1.1,B.1.1.27
B.1.1,B.1,B.1.1.27
B.1,B,B.1.1.27
B,,B.1.1.27
B.1.1.28,B.1.1,B.1.1.28
B.1.1,B.1,B.1.1.28
B.1,B,B.1.1.28
B,,B.1.1.28
P.1,B.1.1.28,P.1
B.1.1.28,B.1.1,P.1
B.1.1,B.1,P.1
B.1,B,P.1
B,,P.1
P.1.1,P.1,P.1.1
P.1,B.1.1.28,P.1.1
B.1.1.28,B.1.1,P.1.1
B.1.1,B.1,P.1.1
B.1,B,P.1.1
B,,P.1.1
P.1.2,P.1,P.1.2
P.1,B.1.1.28,P.1.2
B.1.1.28,B.1.1,P.1.2
B.1.1,B.1,P.1.2
B.1,B,P.1.2
B,,P.1.2
P.1.3,P.1,P.1.3
P.1,B.1.1.28,P.1.3
B.1.1.28,B.1.1,P.1.3
B.1.1,B.1,P.1.3
B.1,B,P.1.3
B,,P.1.3
P.1.4,P.1,P.1.4
P.1,B.1.1.28,P.1.4
B.1.1.28,B.1.1,P.1.4
B.1.1,B.1,P.1.4
B.1,B,P.1.4
B,,P.1.4
P.1.5,P.1,P.1.5
P.1,B.1.1.28,P.1.5
B.1.1.28,B.1.1,P.1.5
B.1.1,B.1,P.1.5
B.1,B,P.1.5
B,,P.1.5
P.1.6,P.1,P.1.6
P.1,B.1.1.28,P.1.6
B.1.1.28,B.1.1,P.1.6
B.1.1,B.1,P.1.6
B.1,B,P.1.6
B,,P.1.6
P.1.7,P.1,P.1.7
P.1,B.1.1.28,P.1.7
B.1.1.28,B.1.1,P.1.7
B.1.1,B.1,P.1.7
B.1,B,P.1.7
B,,P.1.7
P.1.7.1,P.1.7,P.1.7.1
P.1.7,P.1,P.1.7.1
P.1,B.1.1.28,P.1.7.1
B.1.1.28,B.1.1,P.1.7.1
B.1.1,B.1,P.1.7.1
B.1,B,P.1.7.1
B,,P.1.7.1
P.1.8,P.1,P.1.8
P.1,B.1.1.28,P.1.8
B.1.1.28,B.1.1,P.1.8
B.1.1,B.1,P.1.8
B.1,B,P.1.8
B,,P.1.8
P.1.9,P.1,P.1.9
P.1,B.1.1.28,P.1.9
B.1.1.28,B.1.1,P.1.9
B.1.1,B.1,P.1.9
B.1,B,P.1.9
B,,P.1.9
P.1.10,P.1,P.1.10
P.1,B.1.1.28,P.1.10
B.1.1.28,B.1.1,P.1.10
B.1.1,B.1,P.1.10
B.1,B,P.1.10
B,,P.1.10
P.1.10.1,P.1.10,P.1.10.1
P.1.10,P.1,P.1.10.1
P.1,B.1.1.28,P.1.10.1
B.1.1.28,B.1.1,P.1.10.1
B.1.1,B.1,P.1.10.1
B.1,B,P.1.10.1
B,,P.1.10.1
P.1.10.2,P.1.10,P.1.10.2
P.1.10,P.1,P.1.10.2
P.1,B.1.1.28,P.1.10.2
B.1.1.28,B.1.1,P.1.10.2
B.1.1,B.1,P.1.10.2
B.1,B,P.1.10.2
B,,P.1.10.2
P.1.11,P.1,P.1.11
P.1,B.1.1.28,P.1.11
B.1.1.28,B.1.1,P.1.11
B.1.1,B.1,P.1.11
B.1,B,P.1.11
B,,P.1.11
P.1.12,P.1,P.1.12
P.1,B.1.1.28,P.1.12
B.1.1.28,B.1.1,P.1.12
B.1.1,B.1,P.1.12
B.1,B,P.1.12
B,,P.1.12
P.1.12.1,P.1.12,P.1.12.1
P.1.12,P.1,P.1.12.1
P.1,B.1.1.28,P.1.12.1
B.1.1.28,B.1.1,P.1.12.1
B.1.1,B.1,P.1.12.1
B.1,B,P.1.12.1
B,,P.1.12.1
P.1.13,P.1,P.1.13
P.1,B.1.1.28,P.1.13
B.1.1.28,B.1.1,P.1.13
B.1.1,B.1,P.1.13
B.1,B,P.1.13
B,,P.1.13
P.1.14,P.1,P.1.14
P.1,B.1.1.28,P.1.14
B.1.1.28,B.1.1,P.1.14
B.1.1,B.1,P.1.14
B.1,B,P.1.14
B,,P.1.14
P.1.15,P.1,P.1.15
P.1,B.1.1.28,P.1.15
B.1.1.28,B.1.1,P.1.15
B.1.1,B.1,P.1.15
B.1,B,P.1.15
B,,P.1.15
P.1.16,P.1,P.1.16
P.1,B.1.1.28,P.1.16
B.1.1.28,B.1.1,P.1.16
B.1.1,B.1,P.1.16
B.1,B,P.1.16
B,,P.1.16
P.1.17,P.1,P.1.17
P.1,B.1.1.28,P.1.17
B.1.1.28,B.1.1,P.1.17
B.1.1,B.1,P.1.17
B.1,B,P.1.17
B,,P.1.17
P.1.17.1,P.1.17,P.1.17.1
P.1.17,P.1,P.1.17.1
P.1,B.1.1.28,P.1.17.1
B.1.1.28,B.1.1,P.1.17.1
B.1.1,B.1,P.1.17.1
B.1,B,P.1.17.1
B,,P.1.17.1
P.2,B.1.1.28,P.2
B.1.1.28,B.1.1,P.2
B.1.1,B.1,P.2
B.1,B,P.2
B,,P.2
P.3,B.1.1.28,P.3
B.1.1.28,B.1.1,P.3
B.1.1,B.1,P.3
B.1,B,P.3
B,,P.3
P.4,B.1.1.28,P.4
B.1.1.28,B.1.1,P.4
B.1.1,B.1,P.4
B.1,B,P.4
B,,P.4
P.5,B.1.1.28,P.5
B.1.1.28,B.1.1,P.5
B.1.1,B.1,P.5
B.1,B,P.5
B,,P.5
P.6,B.1.1.28,P.6
B.1.1.28,B.1.1,P.6
B.1.1,B.1,P.6
B.1,B,P.6
B,,P.6
P.7,B.1.1.28,P.7
B.1.1.28,B.1.1,P.7
B.1.1,B.1,P.7
B.1,B,P.7
B,,P.7
B.1.1.29,B.1.1,B.1.1.29
B.1.1,B.1,B.1.1.29
B.1,B,B.1.1.29
B,,B.1.1.29
B.1.1.30,B.1.1,B.1.1.30
B.1.1,B.1,B.1.1.30
B.1,B,B.1.1.30
B,,B.1.1.30
B.1.1.31,B.1.1,B.1.1.31
B.1.1,B.1,B.1.1.31
B.1,B,B.1.1.31
B,,B.1.1.31
B.1.1.33,B.1.1,B.1.1.33
B.1.1,B.1,B.1.1.33
B.1,B,B.1.1.33
B,,B.1.1.33
N.1,B.1.1.33,N.1
B.1.1.33,B.1.1,N.1
B.1.1,B.1,N.1
B.1,B,N.1
B,,N.1
N.2,B.1.1.33,N.2
B.1.1.33,B.1.1,N.2
B.1.1,B.1,N.2
B.1,B,N.2
B,,N.2
N.3,B.1.1.33,N.3
B.1.1.33,B.1.1,N.3
B.1.1,B.1,N.3
B.1,B,N.3
B,,N.3
N.4,B.1.1.33,N.4
B.1.1.33,B.1.1,N.4
B.1.1,B.1,N.4
B.1,B,N.4
B,,N.4
N.5,B.1.1.33,N.5
B.1.1.33,B.1.1,N.5
B.1.1,B.1,N.5
B.1,B,N.5
B,,N.5
N.6,B.1.1.33,N.6
B.1.1.33,B.1.1,N.6
B.1.1,B.1,N.6
B.1,B,N.6
B,,N.6
N.7,B.1.1.33,N.7
B.1.1.33,B.1.1,N.7
B.1.1,B.1,N.7
B.1,B,N.7
B,,N.7
N.8,B.1.1.33,N.8
B.1.1.33,B.1.1,N.8
B.1.1,B.1,N.8
B.1,B,N.8
B,,N.8
N.9,B.1.1.33,N.9
B.1.1.33,B.1.1,N.9
B.1.1,B.1,N.9
B.1,B,N.9
B,,N.9
N.10,B.1.1.33,N.10
B.1.1.33,B.1.1,N.10
B.1.1,B.1,N.10
B.1,B,N.10
B,,N.10
B.1.1.34,B.1.1,B.1.1.34
B.1.1,B.1,B.1.1.34
B.1,B,B.1.1.34
B,,B.1.1.34
B.1.1.37,B.1.1,B.1.1.37
B.1.1,B.1,B.1.1.37
B.1,B,B.1.1.37
B,,B.1.1.37
B.1.1.38,B.1.1,B.1.1.38
B.1.1,B.1,B.1.1.38
B.1,B,B.1.1.38
B,,B.1.1.38
B.1.1.39,B.1.1,B.1.1.39
B.1.1,B.1,B.1.1.39
B.1,B,B.1.1.39
B,,B.1.1.39
AQ.1,B.1.1.39,AQ.1
B.1.1.39,B.1.1,AQ.1
B.1.1,B.1,AQ.1
B.1,B,AQ.1
B,,AQ.1
AQ.2,B.1.1.39,AQ.2
B.1.1.39,B.1.1,AQ.2
B.1.1,B.1,AQ.2
B.1,B,AQ.2
B,,AQ.2
B.1.1.40,B.1.1,B.1.1.40
B.1.1,B.1,B.1.1.40
B.1,B,B.1.1.40
B,,B.1.1.40
B.1.1.41,B.1.1,B.1.1.41
B.1.1,B.1,B.1.1.41
B.1,B,B.1.1.41
B,,B.1.1.41
B.1.1.43,B.1.1,B.1.1.43
B.1.1,B.1,B.1.1.43
B.1,B,B.1.1.43
B,,B.1.1.43
B.1.1.44,B.1.1,B.1.1.44
B.1.1,B.1,B.1.1.44
B.1,B,B.1.1.44
B,,B.1.1.44
B.1.1.45,B.1.1,B.1.1.45
B.1.1,B.1,B.1.1.45
B.1,B,B.1.1.45
B,,B.1.1.45
B.1.1.46,B.1.1,B.1.1.46
B.1.1,B.1,B.1.1.46
B.1,B,B.1.1.46
B,,B.1.1.46
B.1.1.47,B.1.1,B.1.1.47
B.1.1,B.1,B.1.1.47
B.1,B,B.1.1.47
B,,B.1.1.47
B.1.1.48,B.1.1,B.1.1.48
B.1.1,B.1,B.1.1.48
B.1,B,B.1.1.48
B,,B.1.1.48
B.1.1.49,B.1.1,B.1.1.49
B.1.1,B.1,B.1.1.49
B.1,B,B.1.1.49
B,,B.1.1.49
B.1.1.50,B.1.1,B.1.1.50
B.1.1,B.1,B.1.1.50
B.1,B,B.1.1.50
B,,B.1.1.50
B.1.1.51,B.1.1,B.1.1.51
B.1.1,B.1,B.1.1.51
B.1,B,B.1.1.51
B,,B.1.1.51
B.1.1.52,B.1.1,B.1.1.52
B.1.1,B.1,B.1.1.52
B.1,B,B.1.1.52
B,,B.1.1.52
B.1.1.53,B.1.1,B.1.1.53
B.1.1,B.1,B.1.1.53
B.1,B,B.1.1.53
B,,B.1.1.53
B.1.1.54,B.1.1,B.1.1.54
B.1.1,B.1,B.1.1.54
B.1,B,B.1.1.54
B,,B.1.1.54
B.1.1.55,B.1.1,B.1.1.55
B.1.1,B.1,B.1.1.55
B.1,B,B.1.1.55
B,,B.1.1.55
B.1.1.56,B.1.1,B.1.1.56
B.1.1,B.1,B.1.1.56
B.1,B,B.1.1.56
B,,B.1.1.56
B.1.1.57,B.1.1,B.1.1.57
B.1.1,B.1,B.1.1.57
B.1,B,B.1.1.57
B,,B.1.1.57
B.1.1.58,B.1.1,B.1.1.58
B.1.1,B.1,B.1.1.58
B.1,B,B.1.1.58
B,,B.1.1.58
B.1.1.59,B.1.1,B.1.1.59
B.1.1,B.1,B.1.1.59
B.1,B,B.1.1.59
B,,B.1.1.59
B.1.1.61,B.1.1,B.1.1.61
B.1.1,B.1,B.1.1.61
B.1,B,B.1.1.61
B,,B.1.1.61
B.1.1.62,B.1.1,B.1.1.62
B.1.1,B.1,B.1.1.62
B.1,B,B.1.1.62
B,,B.1.1.62
B.1.1.63,B.1.1,B.1.1.63
B.1.1,B.1,B.1.1.63
B.1,B,B.1.1.63
B,,B.1.1.63
B.1.1.67,B.1.1,B.1.1.67
B.1.1,B.1,B.1.1.67
B.1,B,B.1.1.67
B,,B.1.1.67
B.1.1.70,B.1.1,B.1.1.70
B.1.1,B.1,B.1.1.70
B.1,B,B.1.1.70
B,,B.1.1.70
AP.1,B.1.1.70,AP.1
B.1.1.70,B.1.1,AP.1
B.1.1,B.1,AP.1
B.1,B,AP.1
B,,AP.1
B.1.1.71,B.1.1,B.1.1.71
B.1.1,B.1,B.1.1.71
B.1,B,B.1.1.71
B,,B.1.1.71
B.1.1.72,B.1.1,B.1.1.72
B.1.1,B.1,B.1.1.72
B.1,B,B.1.1.72
B,,B.1.1.72
B.1.1.74,B.1.1,B.1.1.74
B.1.1,B.1,B.1.1.74
B.1,B,B.1.1.74
B,,B.1.1.74
B.1.1.75,B.1.1,B.1.1.75
B.1.1,B.1,B.1.1.75
B.1,B,B.1.1.75
B,,B.1.1.75
B.1.1.77,B.1.1,B.1.1.77
B.1.1,B.1,B.1.1.77
B.1,B,B.1.1.77
B,,B.1.1.77
B.1.1.82,B.1.1,B.1.1.82
B.1.1,B.1,B.1.1.82
B.1,B,B.1.1.82
B,,B.1.1.82
B.1.1.83,B.1.1,B.1.1.83
B.1.1,B.1,B.1.1.83
B.1,B,B.1.1.83
B,,B.1.1.83
B.1.1.84,B.1.1,B.1.1.84
B.1.1,B.1,B.1.1.84
B.1,B,B.1.1.84
B,,B.1.1.84
B.1.1.86,B.1.1,B.1.1.86
B.1.1,B.1,B.1.1.86
B.1,B,B.1.1.86
B,,B.1.1.86
B.1.1.87,B.1.1,B.1.1.87
B.1.1,B.1,B.1.1.87
B.1,B,B.1.1.87
B,,B.1.1.87
B.1.1.88,B.1.1,B.1.1.88
B.1.1,B.1,B.1.1.88
B.1,B,B.1.1.88
B,,B.1.1.88
B.1.1.89,B.1.1,B.1.1.89
B.1.1,B.1,B.1.1.89
B.1,B,B.1.1.89
B,,B.1.1.89
B.1.1.90,B.1.1,B.1.1.90
B.1.1,B.1,B.1.1.90
B.1,B,B.1.1.90
B,,B.1.1.90
B.1.1.91,B.1.1,B.1.1.91
B.1.1,B.1,B.1.1.91
B.1,B,B.1.1.91
B,,B.1.1.91
B.1.1.92,B.1.1,B.1.1.92
B.1.1,B.1,B.1.1.92
B.1,B,B.1.1.92
B,,B.1.1.92
B.1.1.93,B.1.1,B.1.1.93
B.1.1,B.1,B.1.1.93
B.1,B,B.1.1.93
B,,B.1.1.93
B.1.1.95,B.1.1,B.1.1.95
B.1.1,B.1,B.1.1.95
B.1,B,B.1.1.95
B,,B.1.1.95
B.1.1.97,B.1.1,B.1.1.97
B.1.1,B.1,B.1.1.97
B.1,B,B.1.1.97
B,,B.1.1.97
B.1.1.98,B.1.1,B.1.1.98
B.1.1,B.1,B.1.1.98
B.1,B,B.1.1.98
B,,B.1.1.98
B.1.1.99,B.1.1,B.1.1.99
B.1.1,B.1,B.1.1.99
B.1,B,B.1.1.99
B,,B.1.1.99
B.1.1.100,B.1.1,B.1.1.100
B.1.1,B.1,B.1.1.100
B.1,B,B.1.1.100
B,,B.1.1.100
B.1.1.101,B.1.1,B.1.1.101
B.1.1,B.1,B.1.1.101
B.1,B,B.1.1.101
B,,B.1.1.101
B.1.1.107,B.1.1,B.1.1.107
B.1.1,B.1,B.1.1.107
B.1,B,B.1.1.107
B,,B.1.1.107
B.1.1.109,B.1.1,B.1.1.109
B.1.1,B.1,B.1.1.109
B.1,B,B.1.1.109
B,,B.1.1.109
B.1.1.110,B.1.1,B.1.1.110
B.1.1,B.1,B.1.1.110
B.1,B,B.1.1.110
B,,B.1.1.110
B.1.1.111,B.1.1,B.1.1.111
B.1.1,B.1,B.1.1.111
B.1,B,B.1.1.111
B,,B.1.1.111
B.1.1.112,B.1.1,B.1.1.112
B.1.1,B.1,B.1.1.112
B.1,B,B.1.1.112
B,,B.1.1.112
B.1.1.113,B.1.1,B.1.1.113
B.1.1,B.1,B.1.1.113
B.1,B,B.1.1.113
B,,B.1.1.113
B.1.1.114,B.1.1,B.1.1.114
B.1.1,B.1,B.1.1.114
B.1,B,B.1.1.114
B,,B.1.1.114
B.1.1.115,B.1.1,B.1.1.115
B.1.1,B.1,B.1.1.115
B.1,B,B.1.1.115
B,,B.1.1.115
B.1.1.116,B.1.1,B.1.1.116
B.1.1,B.1,B.1.1.116
B.1,B,B.1.1.116
B,,B.1.1.116
B.1.1.117,B.1.1,B.1.1.117
B.1.1,B.1,B.1.1.117
B.1,B,B.1.1.117
B,,B.1.1.117
B.1.1.118,B.1.1,B.1.1.118
B.1.1,B.1,B.1.1.118
B.1,B,B.1.1.118
B,,B.1.1.118
B.1.1.119,B.1.1,B.1.1.119
B.1.1,B.1,B.1.1.119
B.1,B,B.1.1.119
B,,B.1.1.119
B.1.1.120,B.1.1,B.1.1.120
B.1.1,B.1,B.1.1.120
B.1,B,B.1.1.120
B,,B.1.1.120
B.1.1.121,B.1.1,B.1.1.121
B.1.1,B.1,B.1.1.121
B.1,B,B.1.1.121
B,,B.1.1.121
B.1.1.122,B.1.1,B.1.1.122
B.1.1,B.1,B.1.1.122
B.1,B,B.1.1.122
B,,B.1.1.122
B.1.1.123,B.1.1,B.1.1.123
B.1.1,B.1,B.1.1.123
B.1,B,B.1.1.123
B,,B.1.1.123
B.1.1.125,B.1.1,B.1.1.125
B.1.1,B.1,B.1.1.125
B.1,B,B.1.1.125
B,,B.1.1.125
B.1.1.127,B.1.1,B.1.1.127
B.1.1,B.1,B.1.1.127
B.1,B,B.1.1.127
B,,B.1.1.127
B.1.1.128,B.1.1,B.1.1.128
B.1.1,B.1,B.1.1.128
B.1,B,B.1.1.128
B,,B.1.1.128
B.1.1.129,B.1.1,B.1.1.129
B.1.1,B.1,B.1.1.129
B.1,B,B.1.1.129
B,,B.1.1.129
B.1.1.130,B.1.1,B.1.1.130
B.1.1,B.1,B.1.1.130
B.1,B,B.1.1.130
B,,B.1.1.130
B.1.1.132,B.1.1,B.1.1.132
B.1.1,B.1,B.1.1.132
B.1,B,B.1.1.132
B,,B.1.1.132
B.1.1.133,B.1.1,B.1.1.133
B.1.1,B.1,B.1.1.133
B.1,B,B.1.1.133
B,,B.1.1.133
B.1.1.134,B.1.1,B.1.1.134
B.1.1,B.1,B.1.1.134
B.1,B,B.1.1.134
B,,B.1.1.134
B.1.1.135,B.1.1,B.1.1.135
B.1.1,B.1,B.1.1.135
B.1,B,B.1.1.135
B,,B.1.1.135
B.1.1.136,B.1.1,B.1.1.136
B.1.1,B.1,B.1.1.136
B.1,B,B.1.1.136
B,,B.1.1.136
B.1.1.137,B.1.1,B.1.1.137
B.1.1,B.1,B.1.1.137
B.1,B,B.1.1.137
B,,B.1.1.137
B.1.1.138,B.1.1,B.1.1.138
B.1.1,B.1,B.1.1.138
B.1,B,B.1.1.138
B,,B.1.1.138
B.1.1.139,B.1.1,B.1.1.139
B.1.1,B.1,B.1.1.139
B.1,B,B.1.1.139
B,,B.1.1.139
B.1.1.141,B.1.1,B.1.1.141
B.1.1,B.1,B.1.1.141
B.1,B,B.1.1.141
B,,B.1.1.141
B.1.1.142,B.1.1,B.1.1.142
B.1.1,B.1,B.1.1.142
B.1,B,B.1.1.142
B,,B.1.1.142
B.1.1.144,B.1.1,B.1.1.144
B.1.1,B.1,B.1.1.144
B.1,B,B.1.1.144
B,,B.1.1.144
B.1.1.145,B.1.1,B.1.1.145
B.1.1,B.1,B.1.1.145
B.1,B,B.1.1.145
B,,B.1.1.145
B.1.1.147,B.1.1,B.1.1.147
B.1.1,B.1,B.1.1.147
B.1,B,B.1.1.147
B,,B.1.1.147
B.1.1.148,B.1.1,B.1.1.148
B.1.1,B.1,B.1.1.148
B.1,B,B.1.1.148
B,,B.1.1.148
B.1.1.149,B.1.1,B.1.1.149
B.1.1,B.1,B.1.1.149
B.1,B,B.1.1.149
B,,B.1.1.149
B.1.1.152,B.1.1,B.1.1.152
B.1.1,B.1,B.1.1.152
B.1,B,B.1.1.152
B,,B.1.1.152
B.1.1.153,B.1.1,B.1.1.153
B.1.1,B.1,B.1.1.153
B.1,B,B.1.1.153
B,,B.1.1.153
B.1.1.154,B.1.1,B.1.1.154
B.1.1,B.1,B.1.1.154
B.1,B,B.1.1.154
B,,B.1.1.154
B.1.1.155,B.1.1,B.1.1.155
B.1.1,B.1,B.1.1.155
B.1,B,B.1.1.155
B,,B.1.1.155
B.1.1.157,B.1.1,B.1.1.157
B.1.1,B.1,B.1.1.157
B.1,B,B.1.1.157
B,,B.1.1.157
B.1.1.158,B.1.1,B.1.1.158
B.1.1,B.1,B.1.1.158
B.1,B,B.1.1.158
B,,B.1.1.158
B.1.1.159,B.1.1,B.1.1.159
B.1.1,B.1,B.1.1.159
B.1,B,B.1.1.159
B,,B.1.1.159
B.1.1.160,B.1.1,B.1.1.160
B.1.1,B.1,B.1.1.160
B.1,B,B.1.1.160
B,,B.1.1.160
B.1.1.161,B.1.1,B.1.1.161
B.1.1,B.1,B.1.1.161
B.1,B,B.1.1.161
B,,B.1.1.161
B.1.1.162,B.1.1,B.1.1.162
B.1.1,B.1,B.1.1.162
B.1,B,B.1.1.162
B,,B.1.1.162
B.1.1.163,B.1.1,B.1.1.163
B.1.1,B.1,B.1.1.163
B.1,B,B.1.1.163
B,,B.1.1.163
B.1.1.164,B.1.1,B.1.1.164
B.1.1,B.1,B.1.1.164
B.1,B,B.1.1.164
B,,B.1.1.164
B.1.1.165,B.1.1,B.1.1.165
B.1.1,B.1,B.1.1.165
B.1,B,B.1.1.165
B,,B.1.1.165
B.1.1.166,B.1.1,B.1.1.166
B.1.1,B.1,B.1.1.166
B.1,B,B.1.1.166
B,,B.1.1.166
B.1.1.168,B.1.1,B.1.1.168
B.1.1,B.1,B.1.1.168
B.1,B,B.1.1.168
B,,B.1.1.168
B.1.1.169,B.1.1,B.1.1.169
B.1.1,B.1,B.1.1.169
B.1,B,B.1.1.169
B,,B.1.1.169
B.1.1.170,B.1.1,B.1.1.170
B.1.1,B.1,B.1.1.170
B.1,B,B.1.1.170
B,,B.1.1.170
B.1.1.171,B.1.1,B.1.1.171
B.1.1,B.1,B.1.1.171
B.1,B,B.1.1.171
B,,B.1.1.171
B.1.1.172,B.1.1,B.1.1.172
B.1.1,B.1,B.1.1.172
B.1,B,B.1.1.172
B,,B.1.1.172
B.1.1.174,B.1.1,B.1.1.174
B.1.1,B.1,B.1.1.174
B.1,B,B.1.1.174
B,,B.1.1.174
B.1.1.175,B.1.1,B.1.1.175
B.1.1,B.1,B.1.1.175
B.1,B,B.1.1.175
B,,B.1.1.175
B.1.1.176,B.1.1,B.1.1.176
B.1.1,B.1,B.1.1.176
B.1,B,B.1.1.176
B,,B.1.1.176
B.1.1.177,B.1.1,B.1.1.177
B.1.1,B.1,B.1.1.177
B.1,B,B.1.1.177
B,,B.1.1.177
B.1.1.178,B.1.1,B.1.1.178
B.1.1,B.1,B.1.1.178
B.1,B,B.1.1.178
B,,B.1.1.178
B.1.1.180,B.1.1,B.1.1.180
B.1.1,B.1,B.1.1.180
B.1,B,B.1.1.180
B,,B.1.1.180
B.1.1.181,B.1.1,B.1.1.181
B.1.1,B.1,B.1.1.181
B.1,B,B.1.1.181
B,,B.1.1.181
B.1.1.182,B.1.1,B.1.1.182
B.1.1,B.1,B.1.1.182
B.1,B,B.1.1.182
B,,B.1.1.182
B.1.1.184,B.1.1,B.1.1.184
B.1.1,B.1,B.1.1.184
B.1,B,B.1.1.184
B,,B.1.1.184
B.1.1.185,B.1.1,B.1.1.185
B.1.1,B.1,B.1.1.185
B.1,B,B.1.1.185
B,,B.1.1.185
B.1.1.186,B.1.1,B.1.1.186
B.1.1,B.1,B.1.1.186
B.1,B,B.1.1.186
B,,B.1.1.186
B.1.1.187,B.1.1,B.1.1.187
B.1.1,B.1,B.1.1.187
B.1,B,B.1.1.187
B,,B.1.1.187
B.1.1.189,B.1.1,B.1.1.189
B.1.1,B.1,B.1.1.189
B.1,B,B.1.1.189
B,,B.1.1.189
B.1.1.190,B.1.1,B.1.1.190
B.1.1,B.1,B.1.1.190
B.1,B,B.1.1.190
B,,B.1.1.190
B.1.1.191,B.1.1,B.1.1.191
B.1.1,B.1,B.1.1.191
B.1,B,B.1.1.191
B,,B.1.1.191
B.1.1.192,B.1.1,B.1.1.192
B.1.1,B.1,B.1.1.192
B.1,B,B.1.1.192
B,,B.1.1.192
B.1.1.193,B.1.1,B.1.1.193
B.1.1,B.1,B.1.1.193
B.1,B,B.1.1.193
B,,B.1.1.193
B.1.1.194,B.1.1,B.1.1.194
B.1.1,B.1,B.1.1.194
B.1,B,B.1.1.194
B,,B.1.1.194
B.1.1.196,B.1.1,B.1.1.196
B.1.1,B.1,B.1.1.196
B.1,B,B.1.1.196
B,,B.1.1.196
B.1.1.197,B.1.1,B.1.1.197
B.1.1,B.1,B.1.1.197
B.1,B,B.1.1.197
B,,B.1.1.197
B.1.1.198,B.1.1,B.1.1.198
B.1.1,B.1,B.1.1.198
B.1,B,B.1.1.198
B,,B.1.1.198
B.1.1.200,B.1.1,B.1.1.200
B.1.1,B.1,B.1.1.200
B.1,B,B.1.1.200
B,,B.1.1.200
AN.1,B.1.1.200,AN.1
B.1.1.200,B.1.1,AN.1
B.1.1,B.1,AN.1
B.1,B,AN.1
B,,AN.1
B.1.1.201,B.1.1,B.1.1.201
B.1.1,B.1,B.1.1.201
B.1,B,B.1.1.201
B,,B.1.1.201
B.1.1.202,B.1.1,B.1.1.202
B.1.1,B.1,B.1.1.202
B.1,B,B.1.1.202
B,,B.1.1.202
B.1.1.203,B.1.1,B.1.1.203
B.1.1,B.1,B.1.1.203
B.1,B,B.1.1.203
B,,B.1.1.203
B.1.1.204,B.1.1,B.1.1.204
B.1.1,B.1,B.1.1.204
B.1,B,B.1.1.204
B,,B.1.1.204
B.1.1.205,B.1.1,B.1.1.205
B.1.1,B.1,B.1.1.205
B.1,B,B.1.1.205
B,,B.1.1.205
B.1.1.207,B.1.1,B.1.1.207
B.1.1,B.1,B.1.1.207
B.1,B,B.1.1.207
B,,B.1.1.207
B.1.1.208,B.1.1,B.1.1.208
B.1.1,B.1,B.1.1.208
B.1,B,B.1.1.208
B,,B.1.1.208
B.1.1.209,B.1.1,B.1.1.209
B.1.1,B.1,B.1.1.209
B.1,B,B.1.1.209
B,,B.1.1.209
B.1.1.210,B.1.1,B.1.1.210
B.1.1,B.1,B.1.1.210
B.1,B,B.1.1.210
B,,B.1.1.210
B.1.1.213,B.1.1,B.1.1.213
B.1.1,B.1,B.1.1.213
B.1,B,B.1.1.213
B,,B.1.1.213
B.1.1.214,B.1.1,B.1.1.214
B.1.1,B.1,B.1.1.214
B.1,B,B.1.1.214
B,,B.1.1.214
B.1.1.216,B.1.1,B.1.1.216
B.1.1,B.1,B.1.1.216
B.1,B,B.1.1.216
B,,B.1.1.216
AM.1,B.1.1.216,AM.1
B.1.1.216,B.1.1,AM.1
B.1.1,B.1,AM.1
B.1,B,AM.1
B,,AM.1
AM.2,B.1.1.216,AM.2
B.1.1.216,B.1.1,AM.2
B.1.1,B.1,AM.2
B.1,B,AM.2
B,,AM.2
AM.3,B.1.1.216,AM.3
B.1.1.216,B.1.1,AM.3
B.1.1,B.1,AM.3
B.1,B,AM.3
B,,AM.3
AM.4,B.1.1.216,AM.4
B.1.1.216,B.1.1,AM.4
B.1.1,B.1,AM.4
B.1,B,AM.4
B,,AM.4
B.1.1.217,B.1.1,B.1.1.217
B.1.1,B.1,B.1.1.217
B.1,B,B.1.1.217
B,,B.1.1.217
S.1,B.1.1.217,S.1
B.1.1.217,B.1.1,S.1
B.1.1,B.1,S.1
B.1,B,S.1
B,,S.1
B.1.1.218,B.1.1,B.1.1.218
B.1.1,B.1,B.1.1.218
B.1,B,B.1.1.218
B,,B.1.1.218
B.1.1.219,B.1.1,B.1.1.219
B.1.1,B.1,B.1.1.219
B.1,B,B.1.1.219
B,,B.1.1.219
B.1.1.220,B.1.1,B.1.1.220
B.1.1,B.1,B.1.1.220
B.1,B,B.1.1.220
B,,B.1.1.220
B.1.1.221,B.1.1,B.1.1.221
B.1.1,B.1,B.1.1.221
B.1,B,B.1.1.221
B,,B.1.1.221
B.1.1.222,B.1.1,B.1.1.222
B.1.1,B.1,B.1.1.222
B.1,B,B.1.1.222
B,,B.1.1.222
B.1.1.224,B.1.1,B.1.1.224
B.1.1,B.1,B.1.1.224
B.1,B,B.1.1.224
B,,B.1.1.224
B.1.1.225,B.1.1,B.1.1.225
B.1.1,B.1,B.1.1.225
B.1,B,B.1.1.225
B,,B.1.1.225
B.1.1.226,B.1.1,B.1.1.226
B.1.1,B.1,B.1.1.226
B.1,B,B.1.1.226
B,,B.1.1.226
B.1.1.227,B.1.1,B.1.1.227
B.1.1,B.1,B.1.1.227
B.1,B,B.1.1.227
B,,B.1.1.227
B.1.1.228,B.1.1,B.1.1.228
B.1.1,B.1,B.1.1.228
B.1,B,B.1.1.228
B,,B.1.1.228
B.1.1.229,B.1.1,B.1.1.229
B.1.1,B.1,B.1.1.229
B.1,B,B.1.1.229
B,,B.1.1.229
B.1.1.230,B.1.1,B.1.1.230
B.1.1,B.1,B.1.1.230
B.1,B,B.1.1.230
B,,B.1.1.230
B.1.1.231,B.1.1,B.1.1.231
B.1.1,B.1,B.1.1.231
B.1,B,B.1.1.231
B,,B.1.1.231
AL.1,B.1.1.231,AL.1
B.1.1.231,B.1.1,AL.1
B.1.1,B.1,AL.1
B.1,B,AL.1
B,,AL.1
B.1.1.232,B.1.1,B.1.1.232
B.1.1,B.1,B.1.1.232
B.1,B,B.1.1.232
B,,B.1.1.232
AK.1,B.1.1.232,AK.1
B.1.1.232,B.1.1,AK.1
B.1.1,B.1,AK.1
B.1,B,AK.1
B,,AK.1
AK.2,B.1.1.232,AK.2
B.1.1.232,B.1.1,AK.2
B.1.1,B.1,AK.2
B.1,B,AK.2
B,,AK.2
B.1.1.234,B.1.1,B.1.1.234
B.1.1,B.1,B.1.1.234
B.1,B,B.1.1.234
B,,B.1.1.234
B.1.1.236,B.1.1,B.1.1.236
B.1.1,B.1,B.1.1.236
B.1,B,B.1.1.236
B,,B.1.1.236
B.1.1.237,B.1.1,B.1.1.237
B.1.1,B.1,B.1.1.237
B.1,B,B.1.1.237
B,,B.1.1.237
B.1.1.239,B.1.1,B.1.1.239
B.1.1,B.1,B.1.1.239
B.1,B,B.1.1.239
B,,B.1.1.239
B.1.1.241,B.1.1,B.1.1.241
B.1.1,B.1,B.1.1.241
B.1,B,B.1.1.241
B,,B.1.1.241
AH.1,B.1.1.241,AH.1
B.1.1.241,B.1.1,AH.1
B.1.1,B.1,AH.1
B.1,B,AH.1
B,,AH.1
AH.2,B.1.1.241,AH.2
B.1.1.241,B.1.1,AH.2
B.1.1,B.1,AH.2
B.1,B,AH.2
B,,AH.2
AH.3,B.1.1.241,AH.3
B.1.1.241,B.1.1,AH.3
B.1.1,B.1,AH.3
B.1,B,AH.3
B,,AH.3
B.1.1.240,B.1.1,B.1.1.240
B.1.1,B.1,B.1.1.240
B.1,B,B.1.1.240
B,,B.1.1.240
AJ.1,B.1.1.240,AJ.1
B.1.1.240,B.1.1,AJ.1
B.1.1,B.1,AJ.1
B.1,B,AJ.1
B,,AJ.1
B.1.1.242,B.1.1,B.1.1.242
B.1.1,B.1,B.1.1.242
B.1,B,B.1.1.242
B,,B.1.1.242
B.1.1.243,B.1.1,B.1.1.243
B.1.1,B.1,B.1.1.243
B.1,B,B.1.1.243
B,,B.1.1.243
B.1.1.244,B.1.1,B.1.1.244
B.1.1,B.1,B.1.1.244
B.1,B,B.1.1.244
B,,B.1.1.244
B.1.1.249,B.1.1,B.1.1.249
B.1.1,B.1,B.1.1.249
B.1,B,B.1.1.249
B,,B.1.1.249
B.1.1.251,B.1.1,B.1.1.251
B.1.1,B.1,B.1.1.251
B.1,B,B.1.1.251
B,,B.1.1.251
B.1.1.253,B.1.1,B.1.1.253
B.1.1,B.1,B.1.1.253
B.1,B,B.1.1.253
B,,B.1.1.253
B.1.1.254,B.1.1,B.1.1.254
B.1.1,B.1,B.1.1.254
B.1,B,B.1.1.254
B,,B.1.1.254
B.1.1.255,B.1.1,B.1.1.255
B.1.1,B.1,B.1.1.255
B.1,B,B.1.1.255
B,,B.1.1.255
B.1.1.256,B.1.1,B.1.1.256
B.1.1,B.1,B.1.1.256
B.1,B,B.1.1.256
B,,B.1.1.256
B.1.1.258,B.1.1,B.1.1.258
B.1.1,B.1,B.1.1.258
B.1,B,B.1.1.258
B,,B.1.1.258
B.1.1.261,B.1.1,B.1.1.261
B.1.1,B.1,B.1.1.261
B.1,B,B.1.1.261
B,,B.1.1.261
B.1.1.257,B.1.1,B.1.1.257
B.1.1,B.1,B.1.1.257
B.1,B,B.1.1.257
B,,B.1.1.257
B.1.1.262,B.1.1,B.1.1.262
B.1.1,B.1,B.1.1.262
B.1,B,B.1.1.262
B,,B.1.1.262
B.1.1.263,B.1.1,B.1.1.263
B.1.1,B.1,B.1.1.263
B.1,B,B.1.1.263
B,,B.1.1.263
B.1.1.265,B.1.1,B.1.1.265
B.1.1,B.1,B.1.1.265
B.1,B,B.1.1.265
B,,B.1.1.265
B.1.1.266,B.1.1,B.1.1.266
B.1.1,B.1,B.1.1.266
B.1,B,B.1.1.266
B,,B.1.1.266
B.1.1.267,B.1.1,B.1.1.267
B.1.1,B.1,B.1.1.267
B.1,B,B.1.1.267
B,,B.1.1.267
B.1.1.268,B.1.1,B.1.1.268
B.1.1,B.1,B.1.1.268
B.1,B,B.1.1.268
B,,B.1.1.268
B.1.1.269,B.1.1,B.1.1.269
B.1.1,B.1,B.1.1.269
B.1,B,B.1.1.269
B,,B.1.1.269
B.1.1.270,B.1.1,B.1.1.270
B.1.1,B.1,B.1.1.270
B.1,B,B.1.1.270
B,,B.1.1.270
B.1.1.271,B.1.1,B.1.1.271
B.1.1,B.1,B.1.1.271
B.1,B,B.1.1.271
B,,B.1.1.271
B.1.1.272,B.1.1,B.1.1.272
B.1.1,B.1,B.1.1.272
B.1,B,B.1.1.272
B,,B.1.1.272
B.1.1.273,B.1.1,B.1.1.273
B.1.1,B.1,B.1.1.273
B.1,B,B.1.1.273
B,,B.1.1.273
B.1.1.274,B.1.1,B.1.1.274
B.1.1,B.1,B.1.1.274
B.1,B,B.1.1.274
B,,B.1.1.274
B.1.1.275,B.1.1,B.1.1.275
B.1.1,B.1,B.1.1.275
B.1,B,B.1.1.275
B,,B.1.1.275
B.1.1.277,B.1.1,B.1.1.277
B.1.1,B.1,B.1.1.277
B.1,B,B.1.1.277
B,,B.1.1.277
K.1,B.1.1.277,K.1
B.1.1.277,B.1.1,K.1
B.1.1,B.1,K.1
B.1,B,K.1
B,,K.1
K.2,B.1.1.277,K.2
B.1.1.277,B.1.1,K.2
B.1.1,B.1,K.2
B.1,B,K.2
B,,K.2
K.3,B.1.1.277,K.3
B.1.1.277,B.1.1,K.3
B.1.1,B.1,K.3
B.1,B,K.3
B,,K.3
B.1.1.279,B.1.1,B.1.1.279
B.1.1,B.1,B.1.1.279
B.1,B,B.1.1.279
B,,B.1.1.279
B.1.1.280,B.1.1,B.1.1.280
B.1.1,B.1,B.1.1.280
B.1,B,B.1.1.280
B,,B.1.1.280
B.1.1.282,B.1.1,B.1.1.282
B.1.1,B.1,B.1.1.282
B.1,B,B.1.1.282
B,,B.1.1.282
B.1.1.283,B.1.1,B.1.1.283
B.1.1,B.1,B.1.1.283
B.1,B,B.1.1.283
B,,B.1.1.283
B.1.1.284,B.1.1,B.1.1.284
B.1.1,B.1,B.1.1.284
B.1,B,B.1.1.284
B,,B.1.1.284
B.1.1.285,B.1.1,B.1.1.285
B.1.1,B.1,B.1.1.285
B.1,B,B.1.1.285
B,,B.1.1.285
B.1.1.286,B.1.1,B.1.1.286
B.1.1,B.1,B.1.1.286
B.1,B,B.1.1.286
B,,B.1.1.286
B.1.1.288,B.1.1,B.1.1.288
B.1.1,B.1,B.1.1.288
B.1,B,B.1.1.288
B,,B.1.1.288
B.1.1.289,B.1.1,B.1.1.289
B.1.1,B.1,B.1.1.289
B.1,B,B.1.1.289
B,,B.1.1.289
B.1.1.290,B.1.1,B.1.1.290
B.1.1,B.1,B.1.1.290
B.1,B,B.1.1.290
B,,B.1.1.290
B.1.1.291,B.1.1,B.1.1.291
B.1.1,B.1,B.1.1.291
B.1,B,B.1.1.291
B,,B.1.1.291
B.1.1.294,B.1.1,B.1.1.294
B.1.1,B.1,B.1.1.294
B.1,B,B.1.1.294
B,,B.1.1.294
M.1,B.1.1.294,M.1
B.1.1.294,B.1.1,M.1
B.1.1,B.1,M.1
B.1,B,M.1
B,,M.1
M.2,B.1.1.294,M.2
B.1.1.294,B.1.1,M.2
B.1.1,B.1,M.2
B.1,B,M.2
B,,M.2
M.3,B.1.1.294,M.3
B.1.1.294,B.1.1,M.3
B.1.1,B.1,M.3
B.1,B,M.3
B,,M.3
B.1.1.296,B.1.1,B.1.1.296
B.1.1,B.1,B.1.1.296
B.1,B,B.1.1.296
B,,B.1.1.296
B.1.1.297,B.1.1,B.1.1.297
B.1.1,B.1,B.1.1.297
B.1,B,B.1.1.297
B,,B.1.1.297
AG.1,B.1.1.297,AG.1
B.1.1.297,B.1.1,AG.1
B.1.1,B.1,AG.1
B.1,B,AG.1
B,,AG.1
B.1.1.298,B.1.1,B.1.1.298
B.1.1,B.1,B.1.1.298
B.1,B,B.1.1.298
B,,B.1.1.298
B.1.1.299,B.1.1,B.1.1.299
B.1.1,B.1,B.1.1.299
B.1,B,B.1.1.299
B,,B.1.1.299
B.1.1.300,B.1.1,B.1.1.300
B.1.1,B.1,B.1.1.300
B.1,B,B.1.1.300
B,,B.1.1.300
B.1.1.301,B.1.1,B.1.1.301
B.1.1,B.1,B.1.1.301
B.1,B,B.1.1.301
B,,B.1.1.301
B.1.1.302,B.1.1,B.1.1.302
B.1.1,B.1,B.1.1.302
B.1,B,B.1.1.302
B,,B.1.1.302
B.1.1.303,B.1.1,B.1.1.303
B.1.1,B.1,B.1.1.303
B.1,B,B.1.1.303
B,,B.1.1.303
B.1.1.304,B.1.1,B.1.1.304
B.1.1,B.1,B.1.1.304
B.1,B,B.1.1.304
B,,B.1.1.304
B.1.1.305,B.1.1,B.1.1.305
B.1.1,B.1,B.1.1.305
B.1,B,B.1.1.305
B,,B.1.1.305
AF.1,B.1.1.305,AF.1
B.1.1.305,B.1.1,AF.1
B.1.1,B.1,AF.1
B.1,B,AF.1
B,,AF.1
B.1.1.306,B.1.1,B.1.1.306
B.1.1,B.1,B.1.1.306
B.1,B,B.1.1.306
B,,B.1.1.306
AE.1,B.1.1.306,AE.1
B.1.1.306,B.1.1,AE.1
B.1.1,B.1,AE.1
B.1,B,AE.1
B,,AE.1
AE.2,B.1.1.306,AE.2
B.1.1.306,B.1.1,AE.2
B.1.1,B.1,AE.2
B.1,B,AE.2
B,,AE.2
AE.3,B.1.1.306,AE.3
B.1.1.306,B.1.1,AE.3
B.1.1,B.1,AE.3
B.1,B,AE.3
B,,AE.3
AE.4,B.1.1.306,AE.4
B.1.1.306,B.1.1,AE.4
B.1.1,B.1,AE.4
B.1,B,AE.4
B,,AE.4
AE.5,B.1.1.306,AE.5
B.1.1.306,B.1.1,AE.5
B.1.1,B.1,AE.5
B.1,B,AE.5
B,,AE.5
AE.6,B.1.1.306,AE.6
B.1.1.306,B.1.1,AE.6
B.1.1,B.1,AE.6
B.1,B,AE.6
B,,AE.6
AE.7,B.1.1.306,AE.7
B.1.1.306,B.1.1,AE.7
B.1.1,B.1,AE.7
B.1,B,AE.7
B,,AE.7
AE.8,B.1.1.306,AE.8
B.1.1.306,B.1.1,AE.8
B.1.1,B.1,AE.8
B.1,B,AE.8
B,,AE.8
B.1.1.307,B.1.1,B.1.1.307
B.1.1,B.1,B.1.1.307
B.1,B,B.1.1.307
B,,B.1.1.307
B.1.1.308,B.1.1,B.1.1.308
B.1.1,B.1,B.1.1.308
B.1,B,B.1.1.308
B,,B.1.1.308
B.1.1.309,B.1.1,B.1.1.309
B.1.1,B.1,B.1.1.309
B.1,B,B.1.1.309
B,,B.1.1.309
B.1.1.310,B.1.1,B.1.1.310
B.1.1,B.1,B.1.1.310
B.1,B,B.1.1.310
B,,B.1.1.310
B.1.1.311,B.1.1,B.1.1.311
B.1.1,B.1,B.1.1.311
B.1,B,B.1.1.311
B,,B.1.1.311
B.1.1.312,B.1.1,B.1.1.312
B.1.1,B.1,B.1.1.312
B.1,B,B.1.1.312
B,,B.1.1.312
B.1.1.315,B.1.1,B.1.1.315
B.1.1,B.1,B.1.1.315
B.1,B,B.1.1.315
B,,B.1.1.315
AD.1,B.1.1.315,AD.1
B.1.1.315,B.1.1,AD.1
B.1.1,B.1,AD.1
B.1,B,AD.1
B,,AD.1
AD.2,B.1.1.315,AD.2
B.1.1.315,B.1.1,AD.2
B.1.1,B.1,AD.2
B.1,B,AD.2
B,,AD.2
AD.2.1,AD.2,AD.2.1
AD.2,B.1.1.315,AD.2.1
B.1.1.315,B.1.1,AD.2.1
B.1.1,B.1,AD.2.1
B.1,B,AD.2.1
B,,AD.2.1
B.1.1.316,B.1.1,B.1.1.316
B.1.1,B.1,B.1.1.316
B.1,B,B.1.1.316
B,,B.1.1.316
R.1,B.1.1.316,R.1
B.1.1.316,B.1.1,R.1
B.1.1,B.1,R.1
B.1,B,R.1
B,,R.1
R.2,B.1.1.316,R.2
B.1.1.316,B.1.1,R.2
B.1.1,B.1,R.2
B.1,B,R.2
B,,R.2
B.1.1.317,B.1.1,B.1.1.317
B.1.1,B.1,B.1.1.317
B.1,B,B.1.1.317
B,,B.1.1.317
AS.1,B.1.1.317,AS.1
B.1.1.317,B.1.1,AS.1
B.1.1,B.1,AS.1
B.1,B,AS.1
B,,AS.1
AS.2,B.1.1.317,AS.2
B.1.1.317,B.1.1,AS.2
B.1.1,B.1,AS.2
B.1,B,AS.2
B,,AS.2
B.1.1.318,B.1.1,B.1.1.318
B.1.1,B.1,B.1.1.318
B.1,B,B.1.1.318
B,,B.1.1.318
AZ.1,B.1.1.318,AZ.1
B.1.1.318,B.1.1,AZ.1
B.1.1,B.1,AZ.1
B.1,B,AZ.1
B,,AZ.1
AZ.2,B.1.1.318,AZ.2
B.1.1.318,B.1.1,AZ.2
B.1.1,B.1,AZ.2
B.1,B,AZ.2
B,,AZ.2
AZ.2.1,AZ.2,AZ.2.1
AZ.2,B.1.1.318,AZ.2.1
B.1.1.318,B.1.1,AZ.2.1
B.1.1,B.1,AZ.2.1
B.1,B,AZ.2.1
B,,AZ.2.1
AZ.3,B.1.1.318,AZ.3
B.1.1.318,B.1.1,AZ.3
B.1.1,B.1,AZ.3
B.1,B,AZ.3
B,,AZ.3
AZ.4,B.1.1.318,AZ.4
B.1.1.318,B.1.1,AZ.4
B.1.1,B.1,AZ.4
B.1,B,AZ.4
B,,AZ.4
AZ.5,B.1.1.318,AZ.5
B.1.1.318,B.1.1,AZ.5
B.1.1,B.1,AZ.5
B.1,B,AZ.5
B,,AZ.5
AZ.6,B.1.1.318,AZ.6
B.1.1.318,B.1.1,AZ.6
B.1.1,B.1,AZ.6
B.1,B,AZ.6
B,,AZ.6
B.1.1.319,B.1.1,B.1.1.319
B.1.1,B.1,B.1.1.319
B.1,B,B.1.1.319
B,,B.1.1.319
B.1.1.320,B.1.1,B.1.1.320
B.1.1,B.1,B.1.1.320
B.1,B,B.1.1.320
B,,B.1.1.320
B.1.1.322,B.1.1,B.1.1.322
B.1.1,B.1,B.1.1.322
B.1,B,B.1.1.322
B,,B.1.1.322
B.1.1.323,B.1.1,B.1.1.323
B.1.1,B.1,B.1.1.323
B.1,B,B.1.1.323
B,,B.1.1.323
B.1.1.324,B.1.1,B.1.1.324
B.1.1,B.1,B.1.1.324
B.1,B,B.1.1.324
B,,B.1.1.324
B.1.1.325,B.1.1,B.1.1.325
B.1.1,B.1,B.1.1.325
B.1,B,B.1.1.325
B,,B.1.1.325
B.1.1.326,B.1.1,B.1.1.326
B.1.1,B.1,B.1.1.326
B.1,B,B.1.1.326
B,,B.1.1.326
B.1.1.327,B.1.1,B.1.1.327
B.1.1,B.1,B.1.1.327
B.1,B,B.1.1.327
B,,B.1.1.327
B.1.1.328,B.1.1,B.1.1.328
B.1.1,B.1,B.1.1.328
B.1,B,B.1.1.328
B,,B.1.1.328
B.1.1.329,B.1.1,B.1.1.329
B.1.1,B.1,B.1.1.329
B.1,B,B.1.1.329
B,,B.1.1.329
B.1.1.330,B.1.1,B.1.1.330
B.1.1,B.1,B.1.1.330
B.1,B,B.1.1.330
B,,B.1.1.330
B.1.1.331,B.1.1,B.1.1.331
B.1.1,B.1,B.1.1.331
B.1,B,B.1.1.331
B,,B.1.1.331
B.1.1.332,B.1.1,B.1.1.332
B.1.1,B.1,B.1.1.332
B.1,B,B.1.1.332
B,,B.1.1.332
B.1.1.333,B.1.1,B.1.1.333
B.1.1,B.1,B.1.1.333
B.1,B,B.1.1.333
B,,B.1.1.333
B.1.1.334,B.1.1,B.1.1.334
B.1.1,B.1,B.1.1.334
B.1,B,B.1.1.334
B,,B.1.1.334
B.1.1.335,B.1.1,B.1.1.335
B.1.1,B.1,B.1.1.335
B.1,B,B.1.1.335
B,,B.1.1.335
B.1.1.336,B.1.1,B.1.1.336
B.1.1,B.1,B.1.1.336
B.1,B,B.1.1.336
B,,B.1.1.336
B.1.1.337,B.1.1,B.1.1.337
B.1.1,B.1,B.1.1.337
B.1,B,B.1.1.337
B,,B.1.1.337
B.1.1.338,B.1.1,B.1.1.338
B.1.1,B.1,B.1.1.338
B.1,B,B.1.1.338
B,,B.1.1.338
B.1.1.339,B.1.1,B.1.1.339
B.1.1,B.1,B.1.1.339
B.1,B,B.1.1.339
B,,B.1.1.339
B.1.1.340,B.1.1,B.1.1.340
B.1.1,B.1,B.1.1.340
B.1,B,B.1.1.340
B,,B.1.1.340
B.1.1.341,B.1.1,B.1.1.341
B.1.1,B.1,B.1.1.341
B.1,B,B.1.1.341
B,,B.1.1.341
B.1.1.342,B.1.1,B.1.1.342
B.1.1,B.1,B.1.1.342
B.1,B,B.1.1.342
B,,B.1.1.342
B.1.1.343,B.1.1,B.1.1.343
B.1.1,B.1,B.1.1.343
B.1,B,B.1.1.343
B,,B.1.1.343
B.1.1.344,B.1.1,B.1.1.344
B.1.1,B.1,B.1.1.344
B.1,B,B.1.1.344
B,,B.1.1.344
B.1.1.345,B.1.1,B.1.1.345
B.1.1,B.1,B.1.1.345
B.1,B,B.1.1.345
B,,B.1.1.345
B.1.1.346,B.1.1,B.1.1.346
B.1.1,B.1,B.1.1.346
B.1,B,B.1.1.346
B,,B.1.1.346
B.1.1.347,B.1.1,B.1.1.347
B.1.1,B.1,B.1.1.347
B.1,B,B.1.1.347
B,,B.1.1.347
B.1.1.348,B.1.1,B.1.1.348
B.1.1,B.1,B.1.1.348
B.1,B,B.1.1.348
B,,B.1.1.348
B.1.1.349,B.1.1,B.1.1.349
B.1.1,B.1,B.1.1.349
B.1,B,B.1.1.349
B,,B.1.1.349
B.1.1.350,B.1.1,B.1.1.350
B.1.1,B.1,B.1.1.350
B.1,B,B.1.1.350
B,,B.1.1.350
B.1.1.351,B.1.1,B.1.1.351
B.1.1,B.1,B.1.1.351
B.1,B,B.1.1.351
B,,B.1.1.351
B.1.1.352,B.1.1,B.1.1.352
B.1.1,B.1,B.1.1.352
B.1,B,B.1.1.352
B,,B.1.1.352
B.1.1.353,B.1.1,B.1.1.353
B.1.1,B.1,B.1.1.353
B.1,B,B.1.1.353
B,,B.1.1.353
B.1.1.354,B.1.1,B.1.1.354
B.1.1,B.1,B.1.1.354
B.1,B,B.1.1.354
B,,B.1.1.354
B.1.1.355,B.1.1,B.1.1.355
B.1.1,B.1,B.1.1.355
B.1,B,B